"Alder, vurdert",Dødsdato,Observasjons/Jaktdato,Tid_Mellom_Observasjon_Død,Funnsted_kort,RovbaseID,DNAID,Art,Bakgrunn/årsak,Kjønn,Helvekt,Funnsted,Fylke,Nord (UTM33/SWEREF99 TM),Øst (UTM33/SWEREF99 TM),Alder på dødt individ,Slaktevekt,Kommune,"Alder, vurdert",Dødsdato,Observasjons/Jaktdato
6.0,1994-09-20,1994-09-20,0,Björkberg,M000010,D044955,Björn,Skyddsjakt,Hane,"220,00",Björkberg,Norrbottens län (S),7321311,760368,Vuxen,,Älvsbyn (S),6,1994-09-20,1994-09-20
1.0,1995-09-09,1995-09-09,0,Rensjön,M000011,D044956,Björn,Skyddsjakt,Hane,"51,00",Rensjön,Norrbottens län (S),7560091,707379,Osäker,,Kiruna (S),1,1995-09-09,1995-09-09
,1997-04-23,1997-04-23,0,Ytterturingen,M000018,D044974,Björn,Skyddsjakt enskilds initiativ,Hane,,Ytterturingen,Västernorrlands län (S),6922681,498579,Osäker,,Ånge (S),,1997-04-23,1997-04-23
,1997-08-24,1997-08-24,0,Dravågen 11:11,M000024,D044972,Björn,Skyddsjakt,Hane,,"Dravågen 11:11, Linsell",Jämtlands län (S),6884705,427080,Osäker,,Härjedalen (S),,1997-08-24,1997-08-24
,1997-09-01,1997-09-01,0,Kaajanpalo,M000031,D044965,Björn,Skyddsjakt,Hona,,Kaajanpalo,Norrbottens län (S),7546206,792549,Osäker,,Kiruna (S),,1997-09-01,1997-09-01
6.0,1997-09-02,1997-09-02,0,Björnberg,M000032,D436546,Björn,Skyddsjakt,Hane,"238,00",Björnberg,Norrbottens län (S),7343171,749688,Vuxen,,Boden (S),6,1997-09-02,1997-09-02
,1997-09-02,1997-09-02,0,Koiravaara,M000033,D044966,Björn,Skyddsjakt,Hona,,Koiravaara,Norrbottens län (S),7509234,771434,Osäker,,Kiruna (S),,1997-09-02,1997-09-02
,1997-09-03,1997-09-03,0,Makkaravaara,M000036,D044967,Björn,Skyddsjakt,Hane,,Makkaravaara,Norrbottens län (S),7530743,795251,Osäker,,Kiruna (S),,1997-09-03,1997-09-03
,1997-09-04,1997-09-04,0,Älgvårdsdistr. 15,M000040,D044973,Björn,Skyddsjakt,Hane,,"Älgvårdsdistr. 15, Lillhärdal",Jämtlands län (S),6862941,445343,Osäker,,Härjedalen (S),,1997-09-04,1997-09-04
,1997-09-08,1997-09-08,0,Sikträsk,M000047,D044968,Björn,Skyddsjakt,Hane,,Sikträsk,Norrbottens län (S),7293724,722227,Osäker,,Arvidsjaur (S),,1997-09-08,1997-09-08
,1997-09-10,1997-09-10,0,Aspberget,M000052,D044969,Björn,Skyddsjakt,Hona,,Aspberget,Norrbottens län (S),7366922,746132,Osäker,,Jokkmokk (S),,1997-09-10,1997-09-10
3.0,1997-09-14,1997-09-14,0,Lillvardo,M000056,D044970,Björn,Skyddsjakt,Hona,"110,00",Lillvardo,Norrbottens län (S),7269242,676549,Osäker,,Arvidsjaur (S),3,1997-09-14,1997-09-14
,1997-09-14,1997-09-14,0,Spadnåive,M000057,D044971,Björn,Skyddsjakt,Hona,,Spadnåive,Norrbottens län (S),7378099,705743,Osäker,,Jokkmokk (S),,1997-09-14,1997-09-14
,1997-09-22,1997-09-22,0,Fiskremmen,M000064,D044977,Björn,Skyddsjakt,Hane,,Fiskremmen,Dalarnas län (S),6863155,398161,Osäker,,Älvdalen (S),,1997-09-22,1997-09-22
,1997-09-22,1997-09-22,0,Hamrasjön,M000065,D044975,Björn,Skyddsjakt,Hane,,Hamrasjön,Gävleborgs län (S),6831130,499917,Osäker,,Ljusdal (S),,1997-09-22,1997-09-22
,1997-09-23,1997-09-23,0,Acktjärbo,M000066,D044978,Björn,Skyddsjakt,Hona,,"Acktjärbo, Arbrå V",Gävleborgs län (S),6816454,566078,Osäker,,Bollnäs (S),,1997-09-23,1997-09-23
,1997-09-24,1997-09-24,0,Blyberg,M000070,D044979,Björn,Skyddsjakt,Hona,,Blyberg,Dalarnas län (S),6781841,458842,Osäker,,Älvdalen (S),,1997-09-24,1997-09-24
,1998-05-09,1998-05-09,0,Ockelbo-Järbo,M000079,D045007,Björn,Kollision - järnväg,Hane,,"Ockelbo-Järbo, stolpe 243-244",Gävleborgs län (S),6739193,591923,Osäker,,Ockelbo (S),,1998-05-09,1998-05-09
3.0,1998-09-07,1998-09-07,0,Kalvträsk,M000090,D436809,Björn,Skyddsjakt,Hane,"118,00","Kalvträsk, Nybrännet",Västerbottens län (S),7179742,730284,Vuxen,,Skellefteå (S),3,1998-09-07,1998-09-07
,1998-09-07,1998-09-07,0,Högståsen,M000092,D044995,Björn,Skyddsjakt,Hane,,Högståsen,Dalarnas län (S),6773458,500530,Osäker,76,Orsa (S),,1998-09-07,1998-09-07
,1998-09-07,1998-09-07,0,Dådran,M000095,D044994,Björn,Skyddsjakt,Hane,,"Dådran, Prästbodarna",Dalarnas län (S),6757225,529920,Osäker,186,Rättvik (S),,1998-09-07,1998-09-07
,1998-09-07,1998-09-07,0,Älvros,M000096,D044996,Björn,Skyddsjakt,Hona,,Älvros,Dalarnas län (S),6854278,391674,Osäker,,Älvdalen (S),,1998-09-07,1998-09-07
,1998-09-07,1998-09-07,0,Boberget,M000097,D044993,Björn,Skyddsjakt,Hane,,Boberget,Gävleborgs län (S),6812726,579920,Osäker,70,Bollnäs (S),,1998-09-07,1998-09-07
,1998-09-08,1998-09-08,0,Samuelsfallet,M000106,D044997,Björn,Skyddsjakt,Hane,,Samuelsfallet,Gävleborgs län (S),6824904,513790,Osäker,"53,3",Ljusdal (S),,1998-09-08,1998-09-08
3.0,1998-09-09,1998-09-09,0,Högståsen,M000114,D044999,Björn,Skyddsjakt,Hane,"114,00",Högståsen,Dalarnas län (S),6774422,497619,Osäker,,Orsa (S),3,1998-09-09,1998-09-09
3.0,1998-09-09,1998-09-09,0,Rymnäs,M000116,D045001,Björn,Skyddsjakt,Hane,"115,40",Rymnäs,Dalarnas län (S),6808225,450319,Vuxen,96,Älvdalen (S),3,1998-09-09,1998-09-09
,1998-09-09,1998-09-09,0,Vallsta,M000117,D044998,Björn,Skyddsjakt,Hane,,"Vallsta, Möckelåsen",Gävleborgs län (S),6820437,564829,Osäker,65,Bollnäs (S),,1998-09-09,1998-09-09
,1998-09-09,1998-09-09,0,Rullbo,M000118,D045406,Björn,Skyddsjakt,Hane,,"Rullbo, Vålberget",Gävleborgs län (S),6849896,489688,Osäker,,Ljusdal (S),,1998-09-09,1998-09-09
,1998-09-09,1998-09-09,0,Lenåsven-Hålldammen,M000119,D045000,Björn,Skyddsjakt,Hane,,Lenåsven-Hålldammen,Gävleborgs län (S),6735442,587671,Osäker,200,Sandviken (S),,1998-09-09,1998-09-09
2.0,1998-09-09,1998-09-09,0,Håkafot 1:7,M000121,D436920,Björn,Skyddsjakt,Hona,"80,60",Håkafot 1:7,Jämtlands län (S),7141515,470893,Vuxen,66,Strömsund (S),2,1998-09-09,1998-09-09
,1998-09-10,1998-09-10,0,Kammahav,M000122,D045002,Björn,Skyddsjakt,Hane,,Kammahav,Gävleborgs län (S),6794239,548158,Osäker,146,Ovanåker (S),,1998-09-10,1998-09-10
,1998-09-12,1998-09-12,0,Tranuberg,M000127,D045003,Björn,Skyddsjakt,Hona,,Tranuberg,Dalarnas län (S),6795095,471773,Osäker,,Orsa (S),,1998-09-12,1998-09-12
3.5,1998-09-14,1998-09-14,0,,M000128,D042328,Björn,Skyddsjakt,Hona,"119,40",,Dalarnas län (S),6766764,452130,Vuxen,,Mora (S),3-4,1998-09-14,1998-09-14
,1998-09-15,1998-09-15,0,Håven alternativt Hoven,M000129,D045005,Björn,Skyddsjakt,Hane,,Håven alternativt Hoven,Dalarnas län (S),6820933,507941,Osäker,112,Rättvik (S),,1998-09-15,1998-09-15
,1998-09-16,1998-09-16,0,Ryggesbo,M000130,D045004,Björn,Skyddsjakt,Hona,,Ryggesbo,Gävleborgs län (S),6818288,544661,Osäker,109,Ovanåker (S),,1998-09-16,1998-09-16
0.0,1998-10-03,1998-10-03,0,12 km N Edsbyn Lv 678,M000136,D045008,Björn,Kollision - väg,Okänt,,12 km N Edsbyn Lv 678,Gävleborgs län (S),6816990,536680,Unge,,Ovanåker (S),0,1998-10-03,1998-10-03
,1998-10-13,1998-10-13,0,Rv 84,M000138,D044992,Björn,Kollision - väg,Hane,"92,00","Rv 84, 4,2 km N Tännäs",Jämtlands län (S),6929392,380043,Osäker,,Härjedalen (S),,1998-10-13,1998-10-13
,1999-08-21,1999-08-21,0,Foskros,M000165,D045016,Björn,Skyddsjakt,Hona,,"Foskros, Sjöberget",Dalarnas län (S),6885311,379394,Osäker,,Älvdalen (S),,1999-08-21,1999-08-21
,1999-08-22,1999-08-22,0,Gussvattnet 1:33,M000175,D045021,Björn,Skyddsjakt,Hona,,Gussvattnet 1:33,Jämtlands län (S),7149901,467029,Osäker,,Strömsund (S),,1999-08-22,1999-08-22
,1999-08-24,1999-08-24,0,Vallåsen,M000178,D045022,Björn,Illegalt dödad,Hane,,Vallåsen,Västernorrlands län (S),7048909,551879,Osäker,,Sollefteå (S),,1999-08-24,1999-08-24
,1999-08-24,1999-08-24,0,Sömlingsdalen,M000179,D045426,Björn,Skyddsjakt,Hona,,Sömlingsdalen,Jämtlands län (S),6883894,402101,Osäker,,Härjedalen (S),,1999-08-24,1999-08-24
,1999-08-28,1999-08-28,0,Randijaure,M000183,D045010,Björn,Skyddsjakt,Hane,,Randijaure,Norrbottens län (S),7413900,689983,Osäker,,Jokkmokk (S),,1999-08-28,1999-08-28
,1999-08-28,1999-08-28,0,Storön 1:15,M000185,D045023,Björn,Skyddsjakt,Hane,,Storön 1:15,Jämtlands län (S),7068208,536440,Osäker,,Strömsund (S),,1999-08-28,1999-08-28
1.0,1999-09-01,1999-09-01,0,Kassivarri,M000188,D045011,Björn,Skyddsjakt,Hane,,Kassivarri,Norrbottens län (S),7424004,629464,Osäker,,Jokkmokk (S),1,1999-09-01,1999-09-01
,1999-09-01,1999-09-01,0,Furudal,M000189,D045017,Björn,Skyddsjakt,Hane,,"Furudal, Flotvägen",Dalarnas län (S),6782052,516518,Osäker,,Rättvik (S),,1999-09-01,1999-09-01
,1999-09-06,1999-09-06,0,Mullberget,M000195,D045025,Björn,Skyddsjakt,Hane,,Mullberget,Jämtlands län (S),6902270,513129,Osäker,,Härjedalen (S),,1999-09-06,1999-09-06
,1999-09-07,1999-09-07,0,Granön,M000198,D045026,Björn,Skyddsjakt,Hona,,Granön,Jämtlands län (S),7151945,517785,Osäker,,Strömsund (S),,1999-09-07,1999-09-07
,1999-09-10,1999-09-10,0,Ringvattnet,M000204,D045396,Björn,Skyddsjakt,Hane,,Ringvattnet,Jämtlands län (S),7115591,520446,Osäker,,Strömsund (S),,1999-09-10,1999-09-10
,1999-09-15,1999-09-15,0,Gangsberg,M000208,D045018,Björn,Skyddsjakt,Hona,,Gangsberg,Dalarnas län (S),6801014,473499,Osäker,,Orsa (S),,1999-09-15,1999-09-15
,1999-10-07,1999-10-07,0,Hornmyr MoDO 3:1,M000214,D045009,Björn,Skyddsjakt,Hane,,Hornmyr MoDO 3:1,Västerbottens län (S),7143651,664894,Osäker,,Lycksele (S),,1999-10-07,1999-10-07
,1999-10-22,1999-10-22,0,Kihlangi,M000219,D045014,Björn,Nödvärn,Hona,,"Kihlangi, Fridhemsplan",Norrbottens län (S),7527363,842792,Osäker,,Pajala (S),,1999-10-22,1999-10-22
6.0,2000-08-21,2000-08-21,0,Granlundavägen,M000238,D436707,Björn,Skyddsjakt,Hona,,"Granlundavägen, Grundfors",Västerbottens län (S),7222439,660051,Vuxen,,Lycksele (S),6,2000-08-21,2000-08-21
,2000-08-21,2000-08-21,0,4 km öster Prästbodarna,M000239,D044825,Björn,Skyddsjakt,Hane,,4 km öster Prästbodarna,Dalarnas län (S),6758161,532807,Osäker,,Rättvik (S),,2000-08-21,2000-08-21
,2000-08-21,2000-08-21,0,Kroknäset 1:22,M000243,D044840,Björn,Skyddsjakt,Hane,,"Kroknäset 1:22, Tåsjö",Jämtlands län (S),7119562,549786,Osäker,,Strömsund (S),,2000-08-21,2000-08-21
15.0,2000-08-22,2000-08-22,0,Verkanliden,M000244,D436708,Björn,Skyddsjakt,Hane,"195,00","Verkanliden, Stensele",Västerbottens län (S),7211338,581832,Vuxen,,Storuman (S),15,2000-08-22,2000-08-22
,2000-08-22,2000-08-22,0,Finnåsvägen,M000246,D045354,Björn,Skyddsjakt,Hane,,"Finnåsvägen, Åmot bruk",Gävleborgs län (S),6760614,573785,Osäker,,Ockelbo (S),,2000-08-22,2000-08-22
3.0,2000-08-22,2000-08-22,0,Sorgbränna,M000247,D436710,Björn,Skyddsjakt,Hona,"108,00",Sorgbränna,Jämtlands län (S),7127971,495497,Vuxen,95,Strömsund (S),3,2000-08-22,2000-08-22
3.0,2000-08-23,2000-08-23,0,Juktfors 1:1,M000248,D436746,Björn,Skyddsjakt,Hane,"125,00",Juktfors 1:1,Västerbottens län (S),7241953,614511,Vuxen,,Sorsele (S),3,2000-08-23,2000-08-23
,2000-08-26,2000-08-26,0,Yttertängers jaktvårdsområde Enviken,M000250,D044827,Björn,Skyddsjakt,Hona,,Yttertängers jaktvårdsområde Enviken,Dalarnas län (S),6746206,544351,Osäker,,Falun (S),,2000-08-26,2000-08-26
,2000-08-26,2000-08-26,0,Lenåsen 3:36,M000251,D044826,Björn,Skyddsjakt,Hona,,Lenåsen 3:36,Dalarnas län (S),6763836,514743,Osäker,,Rättvik (S),,2000-08-26,2000-08-26
1.0,2000-08-26,2000-08-26,0,Lofsdalen 25:1,M000253,D436748,Björn,Skyddsjakt,Hona,"54,00",Lofsdalen 25:1,Jämtlands län (S),6893702,427168,Osäker,,Härjedalen (S),1,2000-08-26,2000-08-26
16.0,2000-08-26,2000-08-26,0,Ransjöbodarna,M000254,D436749,Björn,Skyddsjakt,Hane,"201,00",Ransjöbodarna,Jämtlands län (S),6893845,438662,Vuxen,,Härjedalen (S),16,2000-08-26,2000-08-26
,2000-08-30,2000-08-30,0,Appojaurbäcken,M000257,D044817,Björn,Skyddsjakt,Hane,,Appojaurbäcken,Norrbottens län (S),7461551,689008,Osäker,,Gällivare (S),,2000-08-30,2000-08-30
1.0,2000-09-01,2000-09-01,0,Forsbergsberget,M000260,D436752,Björn,Skyddsjakt,Hane,"75,00","Forsbergsberget, Stalon, Allmänningsskogen 1:1",Västerbottens län (S),7196054,543116,Osäker,,Vilhelmina (S),1,2000-09-01,2000-09-01
1.0,2000-09-01,2000-09-01,0,Norr om Snesudden,M000261,D436753,Björn,Skyddsjakt,Hona,"53,00",Norr om Snesudden,Norrbottens län (S),7351634,746879,Osäker,,Jokkmokk (S),1,2000-09-01,2000-09-01
,2000-09-01,2000-09-01,0,Hosiovaara,M000262,D044818,Björn,Skyddsjakt,Hane,,Hosiovaara,Norrbottens län (S),7496077,845199,Osäker,,Pajala (S),,2000-09-01,2000-09-01
,2000-09-02,2000-09-02,0,Tyskberget,M000265,D044830,Björn,Skyddsjakt,Hane,,"Tyskberget, Gärdsjöbygdens jvo",Dalarnas län (S),6755991,527136,Osäker,,Rättvik (S),,2000-09-02,2000-09-02
3.0,2000-09-03,2000-09-03,0,Prästbordet,M000267,D436755,Björn,Skyddsjakt,Hona,"140,00",Prästbordet,Jämtlands län (S),7052381,478359,Vuxen,,Krokom (S),3,2000-09-03,2000-09-03
1.0,2000-09-03,2000-09-03,0,Granberget 1:41,M000268,D436756,Björn,Skyddsjakt,Hona,"55,00",Granberget 1:41,Jämtlands län (S),7078912,529107,Vuxen,43,Strömsund (S),1,2000-09-03,2000-09-03
1.0,2000-09-03,2000-09-03,0,Svaningsedet,M000269,D436757,Björn,Skyddsjakt,Hona,"49,00",Svaningsedet,Jämtlands län (S),7131260,502653,Osäker,,Strömsund (S),1,2000-09-03,2000-09-03
1.0,2000-09-04,2000-09-04,0,Krp Storhöjden,M000270,D436758,Björn,Skyddsjakt,Hane,"70,00",Krp Storhöjden,Västerbottens län (S),7212738,714665,Osäker,,Norsjö (S),1,2000-09-04,2000-09-04
,2000-09-04,2000-09-04,0,4 km efter Årrhedsv,M000272,D044819,Björn,Skyddsjakt,Hane,,4 km efter Årrhedsv,Norrbottens län (S),7254272,756829,Osäker,,Piteå (S),,2000-09-04,2000-09-04
2.0,2000-09-04,2000-09-04,0,Kvällshögen,M000274,D436761,Björn,Skyddsjakt,Hane,"90,00","Kvällshögen, Lännässjön",Jämtlands län (S),6939502,452687,Vuxen,,Berg (S),2,2000-09-04,2000-09-04
1.0,2000-09-04,2000-09-04,0,Näset 2:5,M000275,D436762,Björn,Skyddsjakt,Hane,"50,00",Näset 2:5,Jämtlands län (S),7087285,558792,Osäker,,Strömsund (S),1,2000-09-04,2000-09-04
2.0,2000-09-04,2000-09-04,0,Fågelberget 1:4,M000276,D436763,Björn,Skyddsjakt,Hona,"51,00",Fågelberget 1:4,Jämtlands län (S),7145145,478186,Vuxen,,Strömsund (S),2,2000-09-04,2000-09-04
2.0,2000-09-05,2000-09-05,0,Norrby,M000277,D436764,Björn,Skyddsjakt,Hane,,"Norrby, 800 m E",Västerbottens län (S),7209637,714505,Osäker,,Norsjö (S),2,2000-09-05,2000-09-05
1.0,2000-09-05,2000-09-05,0,Gitsfjället,M000278,D436765,Björn,Skyddsjakt,Hane,"80,00",Gitsfjället,Västerbottens län (S),7191172,534638,Osäker,,Vilhelmina (S),1,2000-09-05,2000-09-05
2.0,2000-09-05,2000-09-05,0,Berg,M000279,D436766,Björn,Skyddsjakt,Hane,"94,00","Berg, Oviken",Jämtlands län (S),6973535,432469,Vuxen,,Berg (S),2,2000-09-05,2000-09-05
,2000-09-09,2000-09-09,0,Buldanberget,M000284,D045012,Björn,Skyddsjakt,Hona,,Buldanberget,Norrbottens län (S),7342511,714001,Osäker,,Jokkmokk (S),,2000-09-09,2000-09-09
,2000-09-11,2000-09-11,0,Kompelusvaara,M000288,D044820,Björn,Skyddsjakt,Hona,,Kompelusvaara,Norrbottens län (S),7463084,805189,Osäker,,Pajala (S),,2000-09-11,2000-09-11
,2000-09-12,2000-09-12,0,Jutis,M000290,D044822,Björn,Skyddsjakt,Hane,,Jutis,Norrbottens län (S),7351929,595588,Osäker,,Arjeplog (S),,2000-09-12,2000-09-12
,2000-09-12,2000-09-12,0,Sudok-Kopponis,M000291,D044821,Björn,Skyddsjakt,Hona,,Sudok-Kopponis,Norrbottens län (S),7362156,733945,Osäker,,Jokkmokk (S),,2000-09-12,2000-09-12
,2001-08-22,2001-08-22,0,Bonäset 1:2,M000314,D044859,Björn,Skyddsjakt,Hona,,Bonäset 1:2,Jämtlands län (S),7095353,516903,Osäker,,Strömsund (S),,2001-08-22,2001-08-22
,2001-08-23,2001-08-23,0,Storlidbeget,M000316,D044860,Björn,Skyddsjakt,Hona,,Storlidbeget,Jämtlands län (S),7165018,500225,Osäker,,Strömsund (S),,2001-08-23,2001-08-23
,2001-08-23,2001-08-23,0,Storlidbeget,M000316,D044860,Björn,Skyddsjakt,Hona,,Storlidbeget,Jämtlands län (S),7165018,500225,Osäker,,Strömsund (S),,2001-08-23,2001-08-23
,2001-08-24,2001-08-24,0,Fåssjö 3:12,M000318,D044861,Björn,Skyddsjakt,Hane,,Fåssjö 3:12,Jämtlands län (S),6897617,508788,Osäker,43,Härjedalen (S),,2001-08-24,2001-08-24
,2001-08-25,2001-08-25,0,Videlund 1:68,M000319,D044841,Björn,Skyddsjakt,Hane,,"Videlund 1:68, Granö",Västerbottens län (S),7136158,699938,Osäker,,Vindeln (S),,2001-08-25,2001-08-25
,2001-08-26,2001-08-26,0,Berget Rovvåive,M000322,D044846,Björn,Skyddsjakt,Hane,,Berget Rovvåive,Norrbottens län (S),7421985,692488,Osäker,,Jokkmokk (S),,2001-08-26,2001-08-26
,2001-08-28,2001-08-28,0,4 km öster Nautijaur,M000324,D044847,Björn,Skyddsjakt,Hane,,4 km öster Nautijaur,Norrbottens län (S),7422702,689336,Osäker,,Jokkmokk (S),,2001-08-28,2001-08-28
,2001-09-01,2001-09-01,0,Norrsjö 1:1,M000330,D045424,Björn,Skyddsjakt,Hane,,"Norrsjö 1:1, Blackfjället",Jämtlands län (S),7163028,511777,Osäker,,Strömsund (S),,2001-09-01,2001-09-01
,2001-09-03,2001-09-03,0,Giltaurberget,M000332,D044842,Björn,Skyddsjakt,Hane,,Giltaurberget,Västerbottens län (S),7266610,588202,Osäker,,Sorsele (S),,2001-09-03,2001-09-03
,2001-09-03,2001-09-03,0,Selkajärvi,M000337,D045420,Björn,Skyddsjakt,Hane,,Selkajärvi,Norrbottens län (S),7449914,815243,Osäker,,Pajala (S),,2001-09-03,2001-09-03
,2001-09-03,2001-09-03,0,Nagasjökälen 1:10,M000341,D044863,Björn,Skyddsjakt,Hane,,Nagasjökälen 1:10,Jämtlands län (S),7092570,549828,Osäker,,Strömsund (S),,2001-09-03,2001-09-03
,2001-09-04,2001-09-04,0,Sundsjölandet,M000343,D044843,Björn,Skyddsjakt,Hona,,Sundsjölandet,Västerbottens län (S),7092771,676396,Osäker,,Bjurholm (S),,2001-09-04,2001-09-04
,2001-09-04,2001-09-04,0,Ståkke sameby,M000345,D044848,Björn,Skyddsjakt,Hane,,Ståkke sameby,Norrbottens län (S),7351478,634870,Osäker,,Arjeplog (S),,2001-09-04,2001-09-04
,2001-09-05,2001-09-05,0,Granberget,M000353,D044844,Björn,Skyddsjakt,Hane,,"Granberget, Norra Fjosokken",Västerbottens län (S),7286609,572950,Osäker,,Sorsele (S),,2001-09-05,2001-09-05
,2001-09-06,2001-09-06,0,Vänjaurebäck,M000356,D044845,Björn,Skyddsjakt,Hane,,Vänjaurebäck,Västerbottens län (S),7140173,672258,Osäker,,Lycksele (S),,2001-09-06,2001-09-06
,2001-09-15,2001-09-15,0,Grankölmyren,M000364,D044849,Björn,Skyddsjakt,Hane,,Grankölmyren,Värmlands län (S),6748013,376672,Osäker,133,Torsby (S),,2001-09-15,2001-09-15
,2002-04-29,2002-04-29,0,Tandsjöborg,M000393,D045355,Björn,Kollision - järnväg,Hane,,"Tandsjöborg, strax norr om stationen",Gävleborgs län (S),6840939,486441,Osäker,,Ljusdal (S),,2002-04-29,2002-04-29
,2002-05-02,2002-05-02,0,,M000396,D045383,Björn,Kollision - järnväg,Hane,,,Dalarnas län (S),6717171,559932,Osäker,,Säter (S),,2002-05-02,2002-05-02
,2002-07-02,2002-07-02,0,Granstanda,M000404,D045386,Björn,Okänd,Hane,,Granstanda,Gävleborgs län (S),6718406,576283,Osäker,,Sandviken (S),,2002-07-02,2002-07-02
,2002-08-21,2002-08-21,0,Hamnäsberget,M000408,D044880,Björn,Skyddsjakt,Hane,,Hamnäsberget,Värmlands län (S),6750105,379640,Osäker,203,Torsby (S),,2002-08-21,2002-08-21
,2002-08-21,2002-08-21,0,Hoppet,M000410,D044884,Björn,Skyddsjakt,Hona,,"Hoppet, Ivantjärn",Gävleborgs län (S),6740012,577217,Osäker,,Ockelbo (S),,2002-08-21,2002-08-21
,2002-08-22,2002-08-22,0,Hästberg,M000414,D044885,Björn,Skyddsjakt,Hona,,Hästberg,Gävleborgs län (S),6775680,549588,Osäker,,Ovanåker (S),,2002-08-22,2002-08-22
,2002-08-24,2002-08-24,0,Ringsjön-Öggelströmmen,M000419,D044889,Björn,Skyddsjakt,Hona,,Ringsjön-Öggelströmmen,Jämtlands län (S),7122808,506159,Osäker,,Strömsund (S),,2002-08-24,2002-08-24
,2002-08-26,2002-08-26,0,Ekträsk 1:11,M000423,D044865,Björn,Skyddsjakt,Hane,,Ekträsk 1:11,Västerbottens län (S),7161047,730376,Osäker,,Vindeln (S),,2002-08-26,2002-08-26
,2002-08-29,2002-08-29,0,Fageråskojan,M000426,D045436,Björn,Skyddsjakt,Hane,,Fageråskojan,Dalarnas län (S),6772943,502284,Osäker,,Orsa (S),,2002-08-29,2002-08-29
,2002-08-29,2002-08-29,0,Storflon,M000427,D045382,Björn,Skyddsjakt,Hona,,Storflon,Jämtlands län (S),7106990,543848,Osäker,,Strömsund (S),,2002-08-29,2002-08-29
,2002-09-03,2002-09-03,0,Svannäs 1:11,M000435,D044866,Björn,Skyddsjakt,Hona,,Svannäs 1:11,Västerbottens län (S),7159338,578586,Osäker,,Vilhelmina (S),,2002-09-03,2002-09-03
1.0,2002-09-03,2002-09-03,0,Gäddtjärn,M000436,D044881,Björn,Skyddsjakt,Hane,"49,00",Gäddtjärn,Dalarnas län (S),6842389,393813,Osäker,,Älvdalen (S),1,2002-09-03,2002-09-03
,2002-09-04,2002-09-04,0,Holmmyran,M000439,D044867,Björn,Skyddsjakt,Hane,,Holmmyran,Västerbottens län (S),7279021,596616,Osäker,,Sorsele (S),,2002-09-04,2002-09-04
,2002-09-04,2002-09-04,0,Ryflovallen,M000442,D044892,Björn,Skyddsjakt,Hona,,Ryflovallen,Jämtlands län (S),6869632,428767,Osäker,,Härjedalen (S),,2002-09-04,2002-09-04
,2002-09-04,2002-09-04,0,Storlätjärn,M000444,D044894,Björn,Skyddsjakt,Hane,,Storlätjärn,Jämtlands län (S),7083996,575429,Osäker,,Strömsund (S),,2002-09-04,2002-09-04
,2002-09-04,2002-09-04,0,Harrsjön,M000445,D044891,Björn,Skyddsjakt,Hona,,"Harrsjön, Lidsjöberg",Jämtlands län (S),7138598,521554,Osäker,,Strömsund (S),,2002-09-04,2002-09-04
,2002-09-04,2002-09-04,0,Rabbenvägen,M000446,D044893,Björn,Skyddsjakt,Hona,,Rabbenvägen,Jämtlands län (S),7167951,447907,Osäker,,Strömsund (S),,2002-09-04,2002-09-04
,2002-09-05,2002-09-05,0,Skalvägen,M000447,D044895,Björn,Skyddsjakt,Hona,,Skalvägen,Jämtlands län (S),7091975,510648,Osäker,,Strömsund (S),,2002-09-05,2002-09-05
,2002-09-06,2002-09-06,0,Tjockelkullen,M000448,D044868,Björn,Skyddsjakt,Hane,,Tjockelkullen,Västerbottens län (S),7197219,536767,Osäker,76,Vilhelmina (S),,2002-09-06,2002-09-06
,2002-09-06,2002-09-06,0,Skorvdalsfjället,M000450,D044896,Björn,Skyddsjakt,Hona,,Skorvdalsfjället,Jämtlands län (S),6919959,448632,Osäker,,Härjedalen (S),,2002-09-06,2002-09-06
,2002-09-07,2002-09-07,0,Lögda 4:29,M000453,D044869,Björn,Skyddsjakt,Hane,,Lögda 4:29,Västerbottens län (S),7124812,664292,Osäker,,Åsele (S),,2002-09-07,2002-09-07
,2002-09-08,2002-09-08,0,Sälgeberget,M000457,D044897,Björn,Skyddsjakt,Hona,,Sälgeberget,Jämtlands län (S),6883311,435594,Osäker,,Härjedalen (S),,2002-09-08,2002-09-08
,2002-09-12,2002-09-12,0,Öster Kanonvägen norr om Våmhus ,M000459,D044882,Björn,Skyddsjakt,Hane,,Öster Kanonvägen norr om Våmhus ,Dalarnas län (S),6789142,461903,Osäker,,Mora (S),,2002-09-12,2002-09-12
,2002-09-12,2002-09-12,0,Untorpsvägen,M000460,D044883,Björn,Skyddsjakt,Hane,,"Untorpsvägen, Hansjö vvo",Dalarnas län (S),6796422,479100,Osäker,,Orsa (S),,2002-09-12,2002-09-12
,2002-09-14,2002-09-14,0,Holmträsket,M000462,D044870,Björn,Skyddsjakt,Hona,,Holmträsket,Västerbottens län (S),7229779,577176,Osäker,,Storuman (S),,2002-09-14,2002-09-14
,2002-09-27,2002-09-27,0,Engmarbäcken,M000467,D044874,Björn,Skyddsjakt,Hane,,Engmarbäcken,Norrbottens län (S),7327141,724564,Osäker,,Arvidsjaur (S),,2002-09-27,2002-09-27
,2002-09-27,2002-09-27,0,Engmarbäcken,M000467,D044874,Björn,Skyddsjakt,Hane,,Engmarbäcken,Norrbottens län (S),7327141,724564,Osäker,,Arvidsjaur (S),,2002-09-27,2002-09-27
,2002-09-28,2002-09-28,0,W Sjavajaur,M000470,D044876,Björn,Skyddsjakt,Hona,,"W Sjavajaur, nausta",Norrbottens län (S),7378567,695539,Osäker,,Jokkmokk (S),,2002-09-28,2002-09-28
,2002-09-29,2002-09-29,0,Prästholm,M000471,D044877,Björn,Skyddsjakt,Hona,,Prästholm,Norrbottens län (S),7324179,822396,Osäker,,Luleå (S),,2002-09-29,2002-09-29
,2002-10-06,2002-10-06,0,,M000472,D044886,Björn,Skyddsjakt,Hane,,,Gävleborgs län (S),6843053,509396,Osäker,,Ljusdal (S),,2002-10-06,2002-10-06
,2003-04-12,2003-04-12,0,Glissjöberg,M000475,D044941,Björn,Skyddsjakt,Hane,,Glissjöberg,Jämtlands län (S),6889222,452210,Osäker,,Härjedalen (S),,2003-04-12,2003-04-12
,2003-04-30,2003-04-30,0,Hoting,M000477,D044940,Björn,Sjukdom,Hane,,"Hoting, Brattbäcken",Jämtlands län (S),7127540,538049,Osäker,,Strömsund (S),,2003-04-30,2003-04-30
,2003-05-05,2003-05-05,0,Rätan,M000479,D044939,Björn,Kollision - väg,Hane,,Rätan,Jämtlands län (S),6932610,471491,Osäker,,Berg (S),,2003-05-05,2003-05-05
,2003-05-26,2003-05-26,0,Järnvägssträckan Myrheden-Träskholm,M000481,D044905,Björn,Kollision - järnväg,Hane,,Järnvägssträckan Myrheden-Träskholm,Västerbottens län (S),7248145,741562,Osäker,,Skellefteå (S),,2003-05-26,2003-05-26
0.0,2003-06-12,2003-06-12,0,Bredträsk,M000482,D044916,Björn,Avlivad av djurskyddsskäl,Hane,,"Bredträsk, Klöverträsk",Norrbottens län (S),7296878,802739,Osäker,,Luleå (S),0,2003-06-12,2003-06-12
,2003-08-21,2003-08-21,0,Tenningsån,M000486,D044917,Björn,Skyddsjakt,Hona,,"Tenningsån, Torsmo",Dalarnas län (S),6792255,500479,Osäker,,Orsa (S),,2003-08-21,2003-08-21
,2003-08-23,2003-08-23,0,Fågelåsen,M000493,D044929,Björn,Skyddsjakt,Hane,,"Fågelåsen, ca 2 mil S Dravagen",Jämtlands län (S),6871734,425286,Osäker,,Härjedalen (S),,2003-08-23,2003-08-23
,2003-08-25,2003-08-25,0,Ransjö-Nybodarna,M000495,D044930,Björn,Skyddsjakt,Hane,,Ransjö-Nybodarna,Jämtlands län (S),6893871,426173,Osäker,,Härjedalen (S),,2003-08-25,2003-08-25
,2003-09-01,2003-09-01,0,,M000509,D044908,Björn,Skyddsjakt,Hona,,,Norrbottens län (S),7457147,763183,Osäker,,Gällivare (S),,2003-09-01,2003-09-01
,2003-09-01,2003-09-01,0,Teune,M000510,D044907,Björn,Skyddsjakt,Hane,,Teune,Norrbottens län (S),7441523,672071,Osäker,,Jokkmokk (S),,2003-09-01,2003-09-01
,2003-09-01,2003-09-01,0,Järvivinsa,M000511,D044909,Björn,Skyddsjakt,Hane,,Järvivinsa,Norrbottens län (S),7486867,859064,Osäker,,Pajala (S),,2003-09-01,2003-09-01
,2003-09-01,2003-09-01,0,Toravaara,M000512,D044906,Björn,Skyddsjakt,Hona,,Toravaara,Norrbottens län (S),7499714,844993,Osäker,,Pajala (S),,2003-09-01,2003-09-01
,2003-09-01,2003-09-01,0,Björnmyren,M000516,D044932,Björn,Skyddsjakt,Hane,,"Björnmyren, Stockholm, Lillhärdal",Jämtlands län (S),6861981,432411,Osäker,,Härjedalen (S),,2003-09-01,2003-09-01
,2003-09-01,2003-09-01,0,NO Stornäsudden,M000517,D044931,Björn,Skyddsjakt,Hona,,"NO Stornäsudden, V. Havsnäs",Jämtlands län (S),7107100,543616,Osäker,,Strömsund (S),,2003-09-01,2003-09-01
,2003-09-03,2003-09-03,0,Ö Tväråsen,M000524,D044933,Björn,Skyddsjakt,Hona,,Ö Tväråsen,Jämtlands län (S),6864260,430833,Osäker,,Härjedalen (S),,2003-09-03,2003-09-03
,2003-09-03,2003-09-03,0,Lermosätern,M000525,D044934,Björn,Skyddsjakt,Hane,,"Lermosätern, V Gäddede",Jämtlands län (S),7162681,454507,Osäker,,Strömsund (S),,2003-09-03,2003-09-03
,2003-09-04,2003-09-04,0,Manselkämaa,M000527,D044910,Björn,Skyddsjakt,Hona,,Manselkämaa,Norrbottens län (S),7542804,740789,Osäker,,Kiruna (S),,2003-09-04,2003-09-04
,2003-09-04,2003-09-04,0,Hedningstjärnarna,M000530,D044935,Björn,Skyddsjakt,Hona,,Hedningstjärnarna,Jämtlands län (S),6883364,430985,Osäker,,Härjedalen (S),,2003-09-04,2003-09-04
,2003-09-05,2003-09-05,0,Neitokape,M000533,D044911,Björn,Skyddsjakt,Hona,,Neitokape,Norrbottens län (S),7508088,710331,Osäker,,Gällivare (S),,2003-09-05,2003-09-05
,2003-09-06,2003-09-06,0,Nybränna,M000540,D044936,Björn,Skyddsjakt,Hane,,"Nybränna, 6-7 km Ö masten i Tåsjöberg. Livbodarna",Jämtlands län (S),7118178,548166,Osäker,,Strömsund (S),,2003-09-06,2003-09-06
,2003-09-08,2003-09-08,0,Ransjö-Nybodarna,M000545,D044937,Björn,Skyddsjakt,Hane,,Ransjö-Nybodarna,Jämtlands län (S),6900566,448574,Osäker,,Härjedalen (S),,2003-09-08,2003-09-08
,2003-09-08,2003-09-08,0,Lövberg,M000546,D045394,Björn,Skyddsjakt,Hona,,Lövberg,Jämtlands län (S),7092326,539926,Osäker,,Strömsund (S),,2003-09-08,2003-09-08
,2003-09-10,2003-09-10,0,Rassadjakvaras,M000552,D044913,Björn,Skyddsjakt,Hane,,Rassadjakvaras,Norrbottens län (S),7560321,682073,Osäker,,Kiruna (S),,2003-09-10,2003-09-10
,2003-10-07,2003-10-07,0,RV 95,M000563,D044903,Björn,Kollision - väg,Hane,,"RV 95, 1-2 km V Svanström",Västerbottens län (S),7202917,759885,Osäker,,Skellefteå (S),,2003-10-07,2003-10-07
,2003-10-18,2003-10-18,0,Infartssignalen till Bergfors från S.,M000566,D044915,Björn,Kollision - järnväg,Hane,,Infartssignalen till Bergfors från S.,Norrbottens län (S),7566945,698560,Osäker,,Kiruna (S),,2003-10-18,2003-10-18
,2003-10-25,2003-10-25,0,Untorp,M000567,D044921,Björn,Nödvärn,Hane,"84,00","Untorp, Västbyfloten",Dalarnas län (S),6805172,472608,Vuxen,,Orsa (S),,2003-10-25,2003-10-25
,2003-11-22,2003-11-22,0,E10 strax söder om Skrövenbron,M000568,D044914,Björn,Illegalt dödad,Hane,,E10 strax söder om Skrövenbron,Norrbottens län (S),7425014,799285,Osäker,,Gällivare (S),,2003-11-22,2003-11-22
,1995-06-15,1995-06-15,0,Fettjeåfallet,M004483,D061483,Björn,Dödad av annat djur,Hona,"33,00","Fettjeåfallet, Klövsjö",Jämtlands län (S),6933832,454956,Osäker,,Berg (S),,1995-06-15,1995-06-15
6.0,2000-11-03,2000-11-03,0,Kullvallen,M004586,D061586,Björn,Nödvärn,Hona,,"Kullvallen, Ängersjö",Jämtlands län (S),6865505,491674,Osäker,,Härjedalen (S),6,2000-11-03,2000-11-03
,1981-04-28,1981-04-28,0,5 km S. om Kåbdalis,M040000,D045437,Björn,Illegalt dödad,Hona,,"5 km S. om Kåbdalis, Rv 343.",Norrbottens län (S),7340059,725431,Osäker,,Jokkmokk (S),,1981-04-28,1981-04-28
,1985-08-09,1985-08-09,0,,M040001,D045438,Björn,Skyddsjakt,Hona,"110,00",,Dalarnas län (S),6793311,456801,Vuxen,,Mora (S),,1985-08-09,1985-08-09
8.0,1986-09-01,1986-09-01,0,,M040002,D045439,Björn,Skyddsjakt,Hane,"183,00",,Norrbottens län (S),7319497,596021,Vuxen,,Arjeplog (S),8,1986-09-01,1986-09-01
13.0,1986-09-03,1986-09-03,0,,M040003,D045440,Björn,Illegalt dödad,Hona,"112,00",,Norrbottens län (S),7535959,788883,Vuxen,,Kiruna (S),13,1986-09-03,1986-09-03
6.0,1986-09-13,1986-09-13,0,,M040004,D045441,Björn,Illegalt dödad,Hona,"116,00",,Norrbottens län (S),7465286,852000,Osäker,,Pajala (S),6,1986-09-13,1986-09-13
,1986-09-02,1986-09-02,0,,M040005,D045442,Björn,Skyddsjakt,Hane,"198,00",,Jämtlands län (S),6829996,464844,Vuxen,,Härjedalen (S),,1986-09-02,1986-09-02
,1986-09-09,1986-09-09,0,,M040007,D045444,Björn,Skyddsjakt,Hane,"44,90",,Jämtlands län (S),6868822,476158,Osäker,,Härjedalen (S),,1986-09-09,1986-09-09
,1986-09-09,1986-09-09,0,,M040008,D045445,Björn,Skyddsjakt,Hane,"110,00",,Jämtlands län (S),6912322,437432,Vuxen,,Härjedalen (S),,1986-09-09,1986-09-09
,1986-09-11,1986-09-11,0,,M040009,D045446,Björn,Skyddsjakt,Hona,"109,00",,Jämtlands län (S),6920992,411235,Vuxen,,Härjedalen (S),,1986-09-11,1986-09-11
,1987-09-05,1987-09-05,0,,M040010,D045447,Björn,Skyddsjakt,Hane,"35,90",,Norrbottens län (S),7538757,735153,Osäker,,Kiruna (S),,1987-09-05,1987-09-05
2.0,1987-09-17,1987-09-17,0,,M040011,D045448,Björn,Skyddsjakt,Hane,"55,00",,Norrbottens län (S),7304389,781884,Vuxen,,Älvsbyn (S),2,1987-09-17,1987-09-17
4.0,1988-09-06,1988-09-06,0,,M040012,D045449,Björn,Skyddsjakt,Hane,"175,00",,Norrbottens län (S),7506861,750467,Vuxen,,Kiruna (S),4,1988-09-06,1988-09-06
,1988-09-01,1988-09-01,0,,M040013,D045450,Björn,Skyddsjakt,Hane,"105,00",,Norrbottens län (S),7471021,677744,Vuxen,,Gällivare (S),,1988-09-01,1988-09-01
6.0,1988-09-10,1988-09-10,0,,M040014,D045451,Björn,Skyddsjakt,Hane,"161,00",,Norrbottens län (S),7384524,792850,Vuxen,,Gällivare (S),6,1988-09-10,1988-09-10
1.0,1988-09-08,1988-09-08,0,,M040015,D045452,Björn,Skyddsjakt,Hane,"61,30",,Norrbottens län (S),7325387,704123,Vuxen,,Arvidsjaur (S),1,1988-09-08,1988-09-08
,1988-09-09,1988-09-09,0,,M040016,D045453,Björn,Skyddsjakt,Hona,"55,40",,Norrbottens län (S),7363335,793624,Vuxen,,Boden (S),,1988-09-09,1988-09-09
7.0,1988-09-18,1988-09-18,0,,M040017,D045454,Björn,Skyddsjakt,Hona,"142,00",,Norrbottens län (S),7305418,784170,Vuxen,,Boden (S),7,1988-09-18,1988-09-18
1.0,1988-09-16,1988-09-16,0,,M040018,D045455,Björn,Skyddsjakt,Hane,"44,90",,Jämtlands län (S),6901917,428665,Vuxen,,Härjedalen (S),1,1988-09-16,1988-09-16
,1988-09-07,1988-09-07,0,,M040019,D045456,Björn,Skyddsjakt,Hane,"56,80",,Jämtlands län (S),7083902,496755,Vuxen,,Krokom (S),,1988-09-07,1988-09-07
,1988-09-08,1988-09-08,0,,M040020,D045457,Björn,Skyddsjakt,Hona,"35,90",,Jämtlands län (S),7080774,478601,Vuxen,,Krokom (S),,1988-09-08,1988-09-08
6.0,1989-09-13,1989-09-13,0,,M040021,D045458,Björn,Skyddsjakt,Hona,"118,00",,Västerbottens län (S),7191799,538672,Vuxen,,Vilhelmina (S),6,1989-09-13,1989-09-13
5.0,1989-09-12,1989-09-12,0,,M040022,D045459,Björn,Skyddsjakt,Hona,"116,00",,Norrbottens län (S),7391071,750170,Vuxen,,Jokkmokk (S),5,1989-09-12,1989-09-12
3.0,1989-09-14,1989-09-14,0,,M040023,D045460,Björn,Skyddsjakt,Hona,"112,00",,Norrbottens län (S),7410865,718918,Vuxen,,Jokkmokk (S),3,1989-09-14,1989-09-14
,1989-09-14,1989-09-14,0,,M040024,D045461,Björn,Skyddsjakt,Hane,"59,20",,Norrbottens län (S),7394209,729932,Vuxen,,Jokkmokk (S),,1989-09-14,1989-09-14
1.0,1989-09-04,1989-09-04,0,,M040025,D045462,Björn,Skyddsjakt,Hane,"102,00",,Norrbottens län (S),7275977,749552,Vuxen,,Piteå (S),1,1989-09-04,1989-09-04
11.0,1989-09-09,1989-09-09,0,,M040026,D045463,Björn,Skyddsjakt,Hona,"148,00",,Norrbottens län (S),7499727,778457,Osäker,,Kiruna (S),11,1989-09-09,1989-09-09
1.0,1989-09-17,1989-09-17,0,,M040027,D045464,Björn,Skyddsjakt,Hane,"138,00",,Norrbottens län (S),7478021,770140,Osäker,,Gällivare (S),1,1989-09-17,1989-09-17
1.0,1989-09-06,1989-09-06,0,,M040028,D045465,Björn,Skyddsjakt,Hona,"97,00",,Norrbottens län (S),7474107,838286,Vuxen,,Pajala (S),1,1989-09-06,1989-09-06
1.0,1989-09-17,1989-09-17,0,,M040029,D045466,Björn,Skyddsjakt,Hane,"73,60",,Västernorrlands län (S),7044401,567031,Osäker,,Sollefteå (S),1,1989-09-17,1989-09-17
1.0,1989-09-18,1989-09-18,0,,M040030,D045467,Björn,Skyddsjakt,Hona,"50,80",,Jämtlands län (S),7119421,514999,Vuxen,,Strömsund (S),1,1989-09-18,1989-09-18
4.0,1989-09-19,1989-09-19,0,,M040031,D045468,Björn,Skyddsjakt,Hona,"103,00",,Jämtlands län (S),7128096,497495,Vuxen,,Strömsund (S),4,1989-09-19,1989-09-19
15.0,1989-09-19,1989-09-19,0,,M040032,D045469,Björn,Skyddsjakt,Hane,"246,00",,Jämtlands län (S),7113369,518675,Vuxen,,Strömsund (S),15,1989-09-19,1989-09-19
2.0,1990-09-03,1990-09-03,0,,M040033,D045470,Björn,Skyddsjakt,Hane,"117,00",,Västerbottens län (S),7189121,626683,Vuxen,,Storuman (S),2,1990-09-03,1990-09-03
3.0,1990-09-14,1990-09-14,0,,M040035,D045472,Björn,Skyddsjakt,Hona,"98,50",,Jämtlands län (S),7149680,473230,Vuxen,,Strömsund (S),3,1990-09-14,1990-09-14
3.0,1990-09-19,1990-09-19,0,,M040036,D045473,Björn,Skyddsjakt,Hona,,,Jämtlands län (S),6912896,427329,Vuxen,,Härjedalen (S),3,1990-09-19,1990-09-19
,1990-10-13,1990-10-13,0,,M040037,D045474,Björn,Skyddsjakt,Hane,"76,20",,Jämtlands län (S),7151600,467008,Osäker,,Strömsund (S),,1990-10-13,1990-10-13
7.0,1991-09-01,1991-09-01,0,,M040038,D045475,Björn,Skyddsjakt,Hane,"292,00",,Västerbottens län (S),7183056,739241,Vuxen,,Norsjö (S),7,1991-09-01,1991-09-01
2.0,1991-09-02,1991-09-02,0,,M040039,D045476,Björn,Skyddsjakt,Hane,,,Västerbottens län (S),7300531,567172,Vuxen,,Sorsele (S),2,1991-09-02,1991-09-02
1.0,1991-09-15,1991-09-15,0,,M040040,D045477,Björn,Skyddsjakt,Hane,"98,00",,Västerbottens län (S),7156728,587304,Vuxen,,Vilhelmina (S),1,1991-09-15,1991-09-15
1.0,1991-09-03,1991-09-03,0,,M040041,D045478,Björn,Skyddsjakt,Hona,"79,00",,Norrbottens län (S),7519470,735904,Vuxen,,Kiruna (S),1,1991-09-03,1991-09-03
7.0,1991-09-03,1991-09-03,0,,M040043,D045480,Björn,Skyddsjakt,Hona,"99,00",,Norrbottens län (S),7407698,752354,Vuxen,,Jokkmokk (S),7,1991-09-03,1991-09-03
2.0,1991-09-04,1991-09-04,0,,M040044,D045481,Björn,Skyddsjakt,Hona,"76,00",,Norrbottens län (S),7412140,709303,Vuxen,,Jokkmokk (S),2,1991-09-04,1991-09-04
4.0,1991-09-05,1991-09-05,0,,M040045,D045482,Björn,Skyddsjakt,Hane,"140,00",,Norrbottens län (S),7361466,733954,Vuxen,,Jokkmokk (S),4,1991-09-05,1991-09-05
1.0,1991-09-05,1991-09-05,0,,M040046,D045483,Björn,Skyddsjakt,Hona,"99,00",,Norrbottens län (S),7480652,826401,Vuxen,,Pajala (S),1,1991-09-05,1991-09-05
2.0,1991-09-05,1991-09-05,0,,M040047,D045484,Björn,Skyddsjakt,Hane,"96,00",,Norrbottens län (S),7390168,788577,Vuxen,,Gällivare (S),2,1991-09-05,1991-09-05
4.0,1991-09-06,1991-09-06,0,,M040048,D045485,Björn,Skyddsjakt,Hona,"91,00",,Norrbottens län (S),7410011,699332,Vuxen,,Jokkmokk (S),4,1991-09-06,1991-09-06
,1991-09-07,1991-09-07,0,,M040049,D045486,Björn,Skyddsjakt,Hona,"133,00",,Norrbottens län (S),7270390,727126,Vuxen,,Piteå (S),,1991-09-07,1991-09-07
14.0,1991-09-08,1991-09-08,0,,M040050,D045487,Björn,Nödvärn,Hane,"247,00",,Norrbottens län (S),7483724,808862,Vuxen,,Pajala (S),14,1991-09-08,1991-09-08
,1991-09-10,1991-09-10,0,,M040051,D045488,Björn,Skyddsjakt,Hane,"139,00",,Dalarnas län (S),6779759,525144,Vuxen,,Rättvik (S),,1991-09-10,1991-09-10
,1991-09-21,1991-09-21,0,,M040052,D045489,Björn,Skyddsjakt,Hane,,,Dalarnas län (S),6818185,471688,Osäker,,Orsa (S),,1991-09-21,1991-09-21
0.0,1991-10-16,1991-10-16,0,,M040053,D045490,Björn,Dödad av annat djur,Hane,"23,00",,Gävleborgs län (S),6820986,544528,Unge,,Ovanåker (S),0,1991-10-16,1991-10-16
1.0,1991-09-01,1991-09-01,0,,M040054,D045491,Björn,Skyddsjakt,Hane,"49,00",,Jämtlands län (S),6946029,407124,Osäker,,Härjedalen (S),1,1991-09-01,1991-09-01
2.0,1991-09-02,1991-09-02,0,,M040055,D045492,Björn,Skyddsjakt,Hona,"102,00",,Jämtlands län (S),7059279,478372,Vuxen,,Krokom (S),2,1991-09-02,1991-09-02
22.0,1991-09-05,1991-09-05,0,,M040056,D045493,Björn,Skyddsjakt,Hane,"288,00",,Jämtlands län (S),6897218,428524,Vuxen,,Härjedalen (S),22,1991-09-05,1991-09-05
2.0,1991-09-10,1991-09-10,0,,M040057,D045494,Björn,Skyddsjakt,Hona,"62,00",,Jämtlands län (S),6863206,482826,Vuxen,,Härjedalen (S),2,1991-09-10,1991-09-10
2.0,1991-09-10,1991-09-10,0,,M040058,D045495,Björn,Nödvärn,Hona,"87,00",,Jämtlands län (S),7072585,495099,Vuxen,,Krokom (S),2,1991-09-10,1991-09-10
4.0,1991-09-13,1991-09-13,0,,M040059,D045496,Björn,Skyddsjakt,Hane,"134,00",,Jämtlands län (S),6969654,401931,Vuxen,,Berg (S),4,1991-09-13,1991-09-13
2.0,1991-09-13,1991-09-13,0,,M040060,D045497,Björn,Skyddsjakt,Hane,"72,00",,Jämtlands län (S),6894960,447944,Vuxen,,Härjedalen (S),2,1991-09-13,1991-09-13
2.0,1991-09-13,1991-09-13,0,,M040061,D045498,Björn,Skyddsjakt,Hona,"100,00",,Jämtlands län (S),6845050,429372,Vuxen,,Härjedalen (S),2,1991-09-13,1991-09-13
1.0,1991-09-14,1991-09-14,0,,M040062,D045499,Björn,Skyddsjakt,Hona,"60,00",,Jämtlands län (S),7110786,535702,Osäker,,Strömsund (S),1,1991-09-14,1991-09-14
5.0,1991-11-01,1991-11-01,0,,M040064,D045501,Björn,Nödvärn,Hona,"171,00",,Jämtlands län (S),7106113,529813,Vuxen,,Strömsund (S),5,1991-11-01,1991-11-01
6.0,1992-09-01,1992-09-01,0,,M040065,D045502,Björn,Skyddsjakt,Hane,"239,00",,Västerbottens län (S),7225117,548744,Vuxen,,Vilhelmina (S),6,1992-09-01,1992-09-01
2.0,1992-09-08,1992-09-08,0,,M040066,D045503,Björn,Skyddsjakt,Hane,"106,00",,Västerbottens län (S),7178126,548343,Vuxen,,Vilhelmina (S),2,1992-09-08,1992-09-08
5.0,1992-09-21,1992-09-21,0,,M040067,D045504,Björn,Skyddsjakt,Hane,"145,00",,Västerbottens län (S),7175430,540780,Vuxen,,Dorotea (S),5,1992-09-21,1992-09-21
2.0,1992-10-11,1992-10-11,0,,M040068,D045505,Björn,Skyddsjakt,Hane,"132,00",,Västerbottens län (S),7221368,654465,Vuxen,,Lycksele (S),2,1992-10-11,1992-10-11
2.0,1992-09-07,1992-09-07,0,,M040069,D045506,Björn,Skyddsjakt,Hane,"140,00",,Norrbottens län (S),7482850,803174,Vuxen,,Pajala (S),2,1992-09-07,1992-09-07
1.0,1992-09-07,1992-09-07,0,,M040070,D045507,Björn,Skyddsjakt,Hona,"61,00",,Norrbottens län (S),7336259,779774,Osäker,,Boden (S),1,1992-09-07,1992-09-07
1.0,1992-09-07,1992-09-07,0,,M040071,D045508,Björn,Skyddsjakt,Hane,"69,00",,Norrbottens län (S),7492713,792747,Osäker,,Gällivare (S),1,1992-09-07,1992-09-07
1.0,1992-09-08,1992-09-08,0,,M040072,D045509,Björn,Skyddsjakt,Hane,"80,00",,Norrbottens län (S),7431911,769039,Osäker,,Gällivare (S),1,1992-09-08,1992-09-08
1.0,1992-09-08,1992-09-08,0,,M040073,D045510,Björn,Skyddsjakt,Hane,"56,00",,Norrbottens län (S),7506007,730981,Osäker,,Gällivare (S),1,1992-09-08,1992-09-08
11.0,1992-09-10,1992-09-10,0,,M040074,D045511,Björn,Skyddsjakt,Hane,"251,00",,Norrbottens län (S),7534990,798895,Vuxen,,Kiruna (S),11,1992-09-10,1992-09-10
15.0,1992-09-10,1992-09-10,0,,M040075,D045512,Björn,Skyddsjakt,Hane,"201,00",,Norrbottens län (S),7531475,851338,Vuxen,,Pajala (S),15,1992-09-10,1992-09-10
2.0,1992-09-11,1992-09-11,0,,M040076,D045513,Björn,Skyddsjakt,Hona,"94,00",,Norrbottens län (S),7307434,645365,Vuxen,,Arjeplog (S),2,1992-09-11,1992-09-11
2.0,1992-09-13,1992-09-13,0,,M040077,D045514,Björn,Skyddsjakt,Hona,"78,00",,Norrbottens län (S),7414686,674276,Vuxen,,Jokkmokk (S),2,1992-09-13,1992-09-13
,2010-01-01,2010-01-01,0,,M040080,D045517,Björn,Okänd,Hane,,,Dalarnas län (S),6785269,453102,Osäker,,Älvdalen (S),,2010-01-01,2010-01-01
1.0,1992-07-05,1992-07-05,0,,M040081,D045518,Björn,Dödad av annat djur,Hane,"66,00",,Gävleborgs län (S),6839607,498313,Osäker,,Ljusdal (S),1,1992-07-05,1992-07-05
1.0,1992-09-07,1992-09-07,0,,M040082,D045519,Björn,Skyddsjakt,Hane,,,Jämtlands län (S),6887164,423851,Osäker,,Härjedalen (S),1,1992-09-07,1992-09-07
4.0,1992-09-01,1992-09-01,0,,M040083,D045520,Björn,Skyddsjakt,Hane,"134,00",,Jämtlands län (S),6897218,428524,Vuxen,,Härjedalen (S),4,1992-09-01,1992-09-01
1.0,1992-09-07,1992-09-07,0,,M040084,D045521,Björn,Skyddsjakt,Hane,"57,00",,Jämtlands län (S),6887164,423851,Osäker,,Härjedalen (S),1,1992-09-07,1992-09-07
1.0,1992-09-08,1992-09-08,0,,M040085,D045522,Björn,Skyddsjakt,Hane,"60,00",,Jämtlands län (S),6867655,486869,Osäker,,Härjedalen (S),1,1992-09-08,1992-09-08
21.0,1992-09-09,1992-09-09,0,,M040086,D045523,Björn,Skyddsjakt,Hane,"229,00",,Jämtlands län (S),7100143,547833,Vuxen,,Strömsund (S),21,1992-09-09,1992-09-09
9.0,1992-09-11,1992-09-11,0,,M040087,D045524,Björn,Skyddsjakt,Hane,"203,00",,Jämtlands län (S),7140838,524824,Vuxen,,Strömsund (S),9,1992-09-11,1992-09-11
5.0,1992-09-12,1992-09-12,0,,M040088,D045525,Björn,Skyddsjakt,Hona,"92,00",,Jämtlands län (S),7116020,554330,Vuxen,,Strömsund (S),5,1992-09-12,1992-09-12
4.0,1992-09-12,1992-09-12,0,,M040089,D045526,Björn,Skyddsjakt,Hane,"149,00",,Jämtlands län (S),6891900,483169,Vuxen,,Härjedalen (S),4,1992-09-12,1992-09-12
1.0,1992-09-13,1992-09-13,0,,M040090,D045527,Björn,Skyddsjakt,Hane,"79,00",,Jämtlands län (S),7097505,505280,Osäker,,Strömsund (S),1,1992-09-13,1992-09-13
3.0,1992-09-25,1992-09-25,0,,M040091,D045528,Björn,Skyddsjakt,Hona,"121,00",,Jämtlands län (S),7174124,485215,Vuxen,,Strömsund (S),3,1992-09-25,1992-09-25
1.0,1992-09-30,1992-09-30,0,,M040092,D045529,Björn,Skyddsjakt,Hane,"101,00",,Jämtlands län (S),7114178,519364,Vuxen,,Strömsund (S),1,1992-09-30,1992-09-30
2.0,1992-10-15,1992-10-15,0,,M040093,D045530,Björn,Skyddsjakt,Hona,"130,00",,Jämtlands län (S),7117100,513329,Vuxen,,Strömsund (S),2,1992-10-15,1992-10-15
12.0,1993-08-23,1993-08-23,0,,M040105,D045542,Björn,Skyddsjakt,Hona,"124,00",,Norrbottens län (S),7545947,719161,Vuxen,,Kiruna (S),12,1993-08-23,1993-08-23
1.0,1993-08-29,1993-08-29,0,,M040106,D045543,Björn,Skyddsjakt,Hane,,,Norrbottens län (S),7405050,841382,Osäker,,Överkalix (S),1,1993-08-29,1993-08-29
1.0,1993-09-09,1993-09-09,0,,M040107,D045544,Björn,Skyddsjakt,Hane,"94,00",,Norrbottens län (S),7320501,759579,Osäker,,Älvsbyn (S),1,1993-09-09,1993-09-09
1.0,1993-09-20,1993-09-20,0,,M040109,D045546,Björn,Skyddsjakt,Hane,"56,00",,Norrbottens län (S),7423204,637173,Osäker,,Jokkmokk (S),1,1993-09-20,1993-09-20
3.0,1993-09-20,1993-09-20,0,,M040110,D045547,Björn,Skyddsjakt,Hane,"116,00",,Norrbottens län (S),7466622,670103,Vuxen,,Jokkmokk (S),3,1993-09-20,1993-09-20
0.0,1993-09-24,1993-09-24,0,,M040111,D045548,Björn,Skyddsjakt,Hona,"39,00",,Norrbottens län (S),7349788,797598,Unge,,Boden (S),0,1993-09-24,1993-09-24
12.0,1993-09-25,1993-09-25,0,,M040112,D045549,Björn,Skyddsjakt,Hona,"218,00",,Norrbottens län (S),7327358,802887,Vuxen,,Boden (S),12,1993-09-25,1993-09-25
2.0,1993-05-15,1993-05-15,0,Jokkmokk,M040113,D045550,Björn,Kollision - järnväg,Hane,,Jokkmokk,Norrbottens län (S),7392802,719301,Osäker,,Jokkmokk (S),2,1993-05-15,1993-05-15
1.0,1994-09-09,1994-09-09,0,,M040135,D045572,Björn,Skyddsjakt,Hane,"82,00",,Norrbottens län (S),7542986,737397,Osäker,,Kiruna (S),1,1994-09-09,1994-09-09
7.0,1994-09-09,1994-09-09,0,,M040136,D045573,Björn,Skyddsjakt,Hona,"109,00",,Norrbottens län (S),7528719,831774,Vuxen,,Pajala (S),7,1994-09-09,1994-09-09
1.0,1994-09-10,1994-09-10,0,,M040137,D045574,Björn,Skyddsjakt,Hona,"54,00",,Norrbottens län (S),7528719,831774,Osäker,,Pajala (S),1,1994-09-10,1994-09-10
3.0,1994-09-05,1994-09-05,0,,M040138,D045575,Björn,Skyddsjakt,Hona,"163,00",,Norrbottens län (S),7248309,720610,Vuxen,,Arvidsjaur (S),3,1994-09-05,1994-09-05
2.0,1994-09-05,1994-09-05,0,,M040139,D045576,Björn,Skyddsjakt,Hane,"93,00",,Norrbottens län (S),7401656,687242,Vuxen,,Jokkmokk (S),2,1994-09-05,1994-09-05
5.0,1994-09-06,1994-09-06,0,,M040140,D045577,Björn,Skyddsjakt,Hane,"77,00",,Norrbottens län (S),7351350,810177,Vuxen,,Boden (S),5,1994-09-06,1994-09-06
18.0,1994-09-07,1994-09-07,0,,M040142,D045579,Björn,Nödvärn,Hona,,,Norrbottens län (S),7345215,791957,Vuxen,,Boden (S),18,1994-09-07,1994-09-07
4.0,1994-09-07,1994-09-07,0,,M040143,D045580,Björn,Skyddsjakt,Hane,"148,00",,Norrbottens län (S),7284470,733545,Vuxen,,Arvidsjaur (S),4,1994-09-07,1994-09-07
4.0,1994-10-12,1994-10-12,0,,M040144,D045581,Björn,Nödvärn,Hona,"125,00",,Norrbottens län (S),7443846,733288,Vuxen,,Gällivare (S),4,1994-10-12,1994-10-12
5.0,1995-09-06,1995-09-06,0,,M040169,D045606,Björn,Skyddsjakt,Hona,"124,00",,Norrbottens län (S),7437143,786969,Vuxen,,Gällivare (S),5,1995-09-06,1995-09-06
2.0,1995-09-08,1995-09-08,0,,M040170,D045607,Björn,Skyddsjakt,Hane,"155,00",,Norrbottens län (S),7484959,773149,Vuxen,,Gällivare (S),2,1995-09-08,1995-09-08
2.0,1995-09-08,1995-09-08,0,,M040171,D045608,Björn,Skyddsjakt,Hona,"95,00",,Norrbottens län (S),7556203,792418,Vuxen,,Kiruna (S),2,1995-09-08,1995-09-08
2.0,1995-09-04,1995-09-04,0,,M040172,D045609,Björn,Skyddsjakt,Hona,"86,00",,Norrbottens län (S),7415096,736860,Vuxen,,Jokkmokk (S),2,1995-09-04,1995-09-04
1.0,1995-09-07,1995-09-07,0,,M040173,D045610,Björn,Skyddsjakt,Hane,"79,00",,Norrbottens län (S),7331758,756334,Osäker,,Boden (S),1,1995-09-07,1995-09-07
2.0,1995-09-08,1995-09-08,0,,M040174,D045611,Björn,Skyddsjakt,Hane,"116,00",,Norrbottens län (S),7334757,639814,Vuxen,,Arjeplog (S),2,1995-09-08,1995-09-08
20.0,1995-09-14,1995-09-14,0,,M040175,D045612,Björn,Skyddsjakt,Hona,"102,00",,Norrbottens län (S),7414571,742667,Vuxen,,Jokkmokk (S),20,1995-09-14,1995-09-14
7.0,1995-09-16,1995-09-16,0,,M040176,D045613,Björn,Skyddsjakt,Hane,"234,00",,Norrbottens län (S),7333971,578739,Vuxen,,Arjeplog (S),7,1995-09-16,1995-09-16
7.0,1995-09-16,1995-09-16,0,,M040176,D045613,Björn,Skyddsjakt,Hane,"234,00",,Norrbottens län (S),7333971,578739,Vuxen,,Arjeplog (S),7,1995-09-16,1995-09-16
1.0,1995-09-20,1995-09-20,0,,M040178,D045615,Björn,Skyddsjakt,Hane,"67,00",,Norrbottens län (S),7328186,735183,Osäker,,Jokkmokk (S),1,1995-09-20,1995-09-20
,1995-04-01,1995-04-01,0,,M040179,D045616,Björn,Okänd,Hane,"1,30",,Dalarnas län (S),6789116,457053,Unge,,Mora (S),,1995-04-01,1995-04-01
11.0,1995-08-22,1995-08-22,0,,M040180,D045617,Björn,Skyddsjakt,Hane,"222,00",,Jämtlands län (S),6896820,428729,Vuxen,,Härjedalen (S),11,1995-08-22,1995-08-22
0.0,1995-09-01,1995-09-01,0,,M040181,D045618,Björn,Avlivad av djurskyddsskäl,Hona,"5,60",,Jämtlands län (S),6888839,438024,Unge,,Härjedalen (S),0,1995-09-01,1995-09-01
4.0,1995-09-02,1995-09-02,0,,M040182,D045619,Björn,Skyddsjakt,Hona,"90,00",,Jämtlands län (S),6873752,470699,Vuxen,,Härjedalen (S),4,1995-09-02,1995-09-02
,1995-09-11,1995-09-11,0,,M040183,D045620,Björn,Okänd,Hona,,,Norrbottens län (S),7414571,742667,Osäker,,Jokkmokk (S),,1995-09-11,1995-09-11
3.0,1995-09-11,1995-09-11,0,,M040184,D045621,Björn,Skyddsjakt,Hane,"130,00",,Jämtlands län (S),6858635,452794,Vuxen,,Härjedalen (S),3,1995-09-11,1995-09-11
8.0,1995-09-14,1995-09-14,0,,M040185,D045622,Björn,Illegalt dödad,Hona,"119,00",,Jämtlands län (S),6887503,475226,Vuxen,,Härjedalen (S),8,1995-09-14,1995-09-14
1.0,1995-08-22,1995-08-22,0,,M040186,D045623,Björn,Skyddsjakt,Hona,"49,00",,Gävleborgs län (S),6820002,545840,Vuxen,,Ovanåker (S),1,1995-08-22,1995-08-22
2.0,1995-08-27,1995-08-27,0,,M040187,D045624,Björn,Skyddsjakt,Hona,"73,00",,Dalarnas län (S),6763629,506049,Vuxen,,Rättvik (S),2,1995-08-27,1995-08-27
8.0,1995-09-17,1995-09-17,0,,M040188,D045625,Björn,Nödvärn,Hona,"146,00",,Gävleborgs län (S),6833881,536371,Vuxen,,Ljusdal (S),8,1995-09-17,1995-09-17
7.0,1995-10-23,1995-10-23,0,,M040189,D045626,Björn,Kollision - järnväg,Hona,"112,00",,Dalarnas län (S),6783149,500110,Vuxen,,Orsa (S),7,1995-10-23,1995-10-23
11.0,1996-09-03,1996-09-03,0,,M040201,D045638,Björn,Skyddsjakt,Hona,"110,00",,Norrbottens län (S),7533209,792719,Vuxen,,Kiruna (S),11,1996-09-03,1996-09-03
7.0,1996-09-11,1996-09-11,0,,M040202,D045639,Björn,Skyddsjakt,Hona,"161,00",,Norrbottens län (S),7418909,722413,Vuxen,,Jokkmokk (S),7,1996-09-11,1996-09-11
1.0,1996-09-05,1996-09-05,0,,M040203,D045640,Björn,Skyddsjakt,Hona,"49,00",,Jämtlands län (S),6929916,405526,Osäker,,Härjedalen (S),1,1996-09-05,1996-09-05
4.0,1996-08-21,1996-08-21,0,,M040205,D045642,Björn,Skyddsjakt,Hona,"114,00",,Dalarnas län (S),6756432,554822,Vuxen,,Falun (S),4,1996-08-21,1996-08-21
3.0,1996-08-23,1996-08-23,0,,M040206,D045643,Björn,Skyddsjakt,Hane,"190,00",,Dalarnas län (S),6725839,481322,Vuxen,,Leksand (S),3,1996-08-23,1996-08-23
2.0,1996-08-27,1996-08-27,0,,M040207,D045644,Björn,Skyddsjakt,Hane,"85,00",,Gävleborgs län (S),6811985,528045,Vuxen,,Ovanåker (S),2,1996-08-27,1996-08-27
1.0,1996-08-27,1996-08-27,0,,M040208,D045645,Björn,Skyddsjakt,Hona,"42,00",,Dalarnas län (S),6789056,468449,Osäker,,Mora (S),1,1996-08-27,1996-08-27
5.0,1996-08-30,1996-08-30,0,,M040209,D045646,Björn,Skyddsjakt,Hane,"210,00",,Dalarnas län (S),6785372,461497,Vuxen,,Mora (S),5,1996-08-30,1996-08-30
4.0,1996-09-01,1996-09-01,0,,M040210,D045647,Björn,Skyddsjakt,Hona,"105,00",,Dalarnas län (S),6814361,445346,Vuxen,,Älvdalen (S),4,1996-09-01,1996-09-01
7.0,1996-09-01,1996-09-01,0,,M040211,D045648,Björn,Skyddsjakt,Hona,"101,00",,Dalarnas län (S),6795694,455472,Vuxen,,Älvdalen (S),7,1996-09-01,1996-09-01
3.0,1996-06-15,1996-06-15,0,,M040212,D045649,Björn,Avlivad på Polismyndighetens initiativ,Hane,"78,00",,Dalarnas län (S),6767235,474116,Vuxen,,Mora (S),3,1996-06-15,1996-06-15
